{
  "Random Forest": {
    "fpr": [
      0.0,
      0.0,
      0.0,
      0.0,
      0.0,
      0.0,
      0.030303030303030304,
      0.030303030303030304,
      0.030303030303030304,
      0.030303030303030304,
      0.030303030303030304,
      0.030303030303030304,
      0.09090909090909091,
      0.09090909090909091,
      0.18181818181818182,
      0.18181818181818182,
      0.3333333333333333,
      0.3333333333333333,
      0.3939393939393939,
      0.45454545454545453,
      0.5454545454545454,
      0.6060606060606061,
      0.8484848484848485,
      0.9696969696969697,
      1.0
    ],
    "tpr": [
      0.0,
      0.03571428571428571,
      0.07142857142857142,
      0.14285714285714285,
      0.21428571428571427,
      0.2857142857142857,
      0.2857142857142857,
      0.32142857142857145,
      0.39285714285714285,
      0.7142857142857143,
      0.7857142857142857,
      0.8928571428571429,
      0.8928571428571429,
      0.9285714285714286,
      0.9285714285714286,
      0.9642857142857143,
      0.9642857142857143,
      1.0,
      1.0,
      1.0,
      1.0,
      1.0,
      1.0,
      1.0,
      1.0
    ],
    "auc": 0.96
  },
  "XGBoost": {
    "fpr": [
      0.0,
      0.0,
      0.0,
      0.030303030303030304,
      0.030303030303030304,
      0.06060606060606061,
      0.06060606060606061,
      0.09090909090909091,
      0.09090909090909091,
      0.12121212121212122,
      0.12121212121212122,
      0.15151515151515152,
      0.15151515151515152,
      0.42424242424242425,
      0.42424242424242425,
      1.0
    ],
    "tpr": [
      0.0,
      0.03571428571428571,
      0.25,
      0.25,
      0.7142857142857143,
      0.7142857142857143,
      0.8214285714285714,
      0.8214285714285714,
      0.8571428571428571,
      0.8571428571428571,
      0.9285714285714286,
      0.9285714285714286,
      0.9642857142857143,
      0.9642857142857143,
      1.0,
      1.0
    ],
    "auc": 0.947
  },
  "Logistic Regression": {
    "fpr": [
      0.0,
      0.0,
      0.0,
      0.030303030303030304,
      0.030303030303030304,
      0.06060606060606061,
      0.06060606060606061,
      0.12121212121212122,
      0.12121212121212122,
      0.18181818181818182,
      0.18181818181818182,
      0.21212121212121213,
      0.21212121212121213,
      1.0
    ],
    "tpr": [
      0.0,
      0.03571428571428571,
      0.17857142857142858,
      0.17857142857142858,
      0.6785714285714286,
      0.6785714285714286,
      0.8928571428571429,
      0.8928571428571429,
      0.9285714285714286,
      0.9285714285714286,
      0.9642857142857143,
      0.9642857142857143,
      1.0,
      1.0
    ],
    "auc": 0.9535
  },
  "KNN": {
    "fpr": [
      0.0,
      0.0,
      0.0,
      0.030303030303030304,
      0.030303030303030304,
      0.06060606060606061,
      0.06060606060606061,
      0.12121212121212122,
      0.12121212121212122,
      0.15151515151515152,
      0.15151515151515152,
      0.30303030303030304,
      0.30303030303030304,
      0.7272727272727273,
      1.0
    ],
    "tpr": [
      0.0,
      0.42857142857142855,
      0.5714285714285714,
      0.5714285714285714,
      0.6071428571428571,
      0.6071428571428571,
      0.8571428571428571,
      0.8571428571428571,
      0.8928571428571429,
      0.8928571428571429,
      0.9285714285714286,
      0.9285714285714286,
      1.0,
      1.0,
      1.0
    ],
    "auc": 0.9524
  },
  "SVM": {
    "fpr": [
      0.0,
      0.0,
      0.0,
      0.030303030303030304,
      0.030303030303030304,
      0.06060606060606061,
      0.06060606060606061,
      0.09090909090909091,
      0.09090909090909091,
      0.12121212121212122,
      0.12121212121212122,
      0.21212121212121213,
      0.21212121212121213,
      0.3333333333333333,
      0.3333333333333333,
      1.0
    ],
    "tpr": [
      0.0,
      0.03571428571428571,
      0.21428571428571427,
      0.21428571428571427,
      0.6785714285714286,
      0.6785714285714286,
      0.8214285714285714,
      0.8214285714285714,
      0.8571428571428571,
      0.8571428571428571,
      0.9285714285714286,
      0.9285714285714286,
      0.9642857142857143,
      0.9642857142857143,
      1.0,
      1.0
    ],
    "auc": 0.9459
  }
}